id,priority,series,format,hook,beats,punchline,source_needed,approved_setting,tts,cover_text,status,notes
AM-001,P0,Animated Biker Problems,animated-remix-v2,When they think I have my highs on...,approaching car flashes; rider toggles beam; comic beam blooms,JOKE'S ON YOU. THOSE WERE NEVER MY HIGHS.,z7-highbeam-viral-cover.png,scenic mountain road only,optional,JOKE'S ON YOU,DRAFT_RENDERED,Local animatic rendered; no home or garage imagery. Scheduled TikTok 2026-09-26 10:00 America/New_York.
AM-002,P0,GPS vs. Rider,animated-original,GPS said eight minutes.,map says 8 minutes; rider chooses one back road; map becomes a quest tree,ETA: EVENTUALLY.,new road footage or graphic map,public road or graphic-only,deadpan,ETA: EVENTUALLY,DRAFT_RENDERED,"Local 8-second motion-graphics draft rendered: zeph-rides-gps-sidequest-v1.mp4; graphic-only road map, no home/garage imagery. Scheduled TikTok 2026-09-25 10:00 America/New_York."
AM-003,P0,Animated Biker Problems,animated-original,I said one more corner.,one corner becomes three; three becomes an infinite WV road loop,THIS IS NOT A UNIT OF TIME.,any winding public-road clip,public road only,optional,ONE MORE CORNER,DRAFT_RENDERED,Rendered as zeph-rides-infinite-corner-v1.mp4; scheduled TikTok 2026-09-27 10:00 America/New_York; graphic-only map treatment.
AM-004,P0,Clutch Tribunal,meme-card-to-video,The court has reviewed your five-minute ride.,full gear docket; gavel hits; verdict card fills frame,SENTENCE: YOU ARE STILL PUTTING ON THE BOOTS.,ct-002-atgatt.png or new graphic,graphic-only or legal parking area,yes,FIVE-MINUTE RIDE COURT,READY_TO_BRIEF,Best as a 7-second card animation.
AM-005,P0,Seasonal Chaos,animated-original,DEER SEASON PATCH NOTES.,patch notes appear; visibility drops; panic meter fills,VISIBILITY -90%. PANIC +200%.,ct-006-deer-season.png plus safe road clip,public road only,optional,DEER SEASON PATCH,DRAFT_RENDERED,"Local 7-second motion-graphics draft rendered: zeph-rides-deer-patch-v1.mp4; graphic patch-notes treatment, no real animal close call. Scheduled TikTok 2026-09-25 18:00 America/New_York."
AM-006,P1,Animated Biker Problems,animated-original,Fuel light: eight miles.,fuel light appears; rider sees another perfect road; map labels it “bad decision”,RANGE ANXIETY INSTALLED.,road footage plus bike detail,public road or legal pull-off,deadpan,RANGE ANXIETY,DRAFT_RENDERED,Rendered as zeph-rides-range-anxiety-v1.mp4; scheduled TikTok 2026-09-28 10:00 America/New_York; avoids unsafe riding advice.
AM-007,P1,GPS vs. Rider,animated-original,The GPS avoided one road.,route expands from 12 minutes to an absurd maze,THE APP HAS PERSONAL BEEF.,graphic map or public-road clip,graphic-only or public road,optional,PERSONAL BEEF,DRAFT_RENDERED,Rendered as zeph-rides-gps-personal-beef-v1.mp4; scheduled TikTok 2026-09-27 18:00 America/New_York; original UI-like map motion.
AM-008,P1,Animated Biker Problems,animated-original,Weather app: clear.,sun icon flips to storm boss; rider looks at sky,WV WEATHER DLC.,public-road weather clip,public road only,optional,WEATHER DLC,READY_TO_BRIEF,"Keep the weather gag observational, not a safety instruction."
AM-009,P1,Clutch Tribunal,card-animation,They did not wave back.,wave freezes; tribunal opens; sentence appears,OVERTHINK IT FOR THREE BUSINESS DAYS.,ct-005-biker-wave.png,graphic-only,yes,SOCIAL VIOLATION,READY_TO_BRIEF,Facebook-native card rendered separately as facebook-clutch-verdict-v1.png; keep Facebook media distinct from TikTok and away from home/garage imagery.
AM-010,P1,Hybrid Life,animated-original,They asked if the Z7 is automatic.,question becomes a courtroom exhibit; rider points to the verdict,IT IS STILL A MOTORCYCLE.,bike detail clip or graphic,public road or legal parking area,optional,AUTOMATIC? APPEAL BELOW.,READY_TO_BRIEF,Stay factual and good-natured.
AM-011,P1,Animated Biker Problems,animated-original,A bug hit the visor.,tiny impact; visor becomes a boss-health bar; visibility meter drops,BOSS FIGHT: ORGANIC.,helmet/road clip,public road only,optional,VISOR BOSS,DRAFT_RENDERED,Rendered as zeph-rides-visor-boss-v1.mp4; scheduled TikTok 2026-09-28 18:00 America/New_York; visor-down identity preserved.
AM-012,P1,WV Road Boss Fight,animated-original,This pavement has phases.,road patch becomes a video-game level map; rider takes the safe line,ROAD BOSS DEFEATED.,safe public-road footage,public road only,no,ROAD BOSS,BACKLOG,No aggressive maneuvering or speed claims.
AM-013,P1,GPS vs. Rider,animated-original,I was absolutely going home.,home icon gets replaced by a scenic detour quest; rider keeps going,THE ROAD FILED AN APPEAL.,public-road turn clip,public road only,deadpan,"GOING HOME, TECHNICALLY",BACKLOG,Do not show the actual home or driveway.
AM-014,P1,Clutch Tribunal,card-animation,All-black gear at night.,visibility court; drip meter and visibility meter compete,DRIP OR ACTIVE CAMOUFLAGE?,ct-008-black-gear.png,graphic-only or public night road,yes,VISIBILITY COURT,BACKLOG,Use as a Facebook-safe static/reel cut too.
AM-015,P2,Animated Biker Problems,animated-original,The ride was supposed to be quick.,clock spins; road count increments; sunset becomes night,QUICK IS A STATE OF MIND.,public-road sequence,public road or legal pull-off,optional,QUICK RIDE,BACKLOG,Avoid showing elapsed time as a safety claim.
AM-016,P2,Driver NPC Dialogue,animated-original,The car flashed first.,driver speech bubble; rider internal monologue; comic answer,NPC HAS CHOSEN CHAOS.,public-road clip or graphic recreation,public road only,yes,NPC HAS CHOSEN CHAOS,DRAFT_RENDERED,Rendered as zeph-rides-npc-chaos-v1.mp4; scheduled TikTok 2026-09-29 10:00 America/New_York; original graphic treatment.
AM-017,P2,Animated Biker Problems,animated-original,One accessory. That's it.,one accessory becomes a branching upgrade tree,BUILD COMPLETE. WALLET DEFEATED.,bike detail or graphic,legal parking area or graphic-only,optional,WALLET DEFEATED,BACKLOG,Do not film at home or in a garage.
AM-018,P2,Seasonal Chaos,animated-original,The forecast forgot the wind.,wind meter fills; helmet audio becomes a comic waveform,AUDIO: UNINSTALLING.,public-road weather clip,public road only,optional,WIND PATCH,BACKLOG,Use clean audio when possible.
AM-019,P2,WV Road Boss Fight,animated-original,Road closed. Obviously the scenic route.,barrier icon; route reroutes; quest counter rises,NEW OBJECTIVE: FIND THE NEXT TURN.,public-road sign or graphic,public road only,deadpan,NEW OBJECTIVE,BACKLOG,No trespassing or barrier crossing.
AM-020,P2,Clutch Tribunal,card-animation,Loud pipes save lives?,noise docket; neighborhood friendship meter; gavel hits,THE COURT REQUESTS EVIDENCE.,ct-003-loud-pipes.png,graphic-only,yes,NOISE COMPLAINT,BACKLOG,Keep it playful and non-defamatory.
AM-021,P2,Animated Biker Problems,animated-original,The scenic pull-off appeared.,rider spots view; schedule explodes; route takes over,CORE MEMORY UNLOCKED.,public scenic pull-off clip,legal public pull-off,optional,CORE MEMORY,BACKLOG,No personal property or home surroundings.
AM-022,P2,Hybrid Life,animated-original,Electric mode: stealth enabled.,bike silhouette fades; bird icon notices; dramatic stealth meter,STEALTH FAILED. ENGINE JOINED CHAT.,bike detail or public-road clip,public road or legal parking area,optional,STEALTH FAILED,BACKLOG,Keep the hybrid joke technically honest.
AM-023,P2,Animated Biker Problems,animated-original,The helmet went on. The plan came off.,route plan dissolves; road choices multiply,PLAN STATUS: DECORATIVE.,helmet/bike setup away from home,legal public location only,deadpan,PLAN STATUS,BACKLOG,Do not use house/garage setup footage.
AM-024,P2,Comment Court,reply-video,Comment: Is that thing really automatic?,comment card enters tribunal; verdict and quick bike detail,APPEAL GRANTED. WATCH THE BIKE.,comment screenshot plus bike clip,graphic-only or public road,optional,COMMENT COURT,BACKLOG,Use a real comment and answer accurately.
AM-025,P0,Animated Biker Problems,photo-transition-mashup,POV: you said QUICK RIDE.,high-beam still; route-map slide; deer patch notes; lime wipe transitions,ETA: EMOTIONALLY SOON.,z7-highbeam-viral-cover.png + gps_map.png + ct-006-deer-season.png,graphic-only/public-road art,optional,QUICK RIDE DLC,DRAFT_RENDERED,"Rendered as zeph-rides-animated-photo-mix-v2-tiktok.mp4; scheduled TikTok 2026-09-26 18:00 America/New_York. TikTok Studio photo mode tested; browser upload parser failed, so retain this finished master for the approved uploader."
AM-026,P0,Zeph Avatar Memes,avatar-photo-motion,No inspirational quote today.,hook crop; full avatar and Z7 reveal; beat-synced lime flash; punchline push-in,START THE BIKE. MAKE WORSE FINANCIAL DECISIONS.,zeph-avatar-no-inspiration-v1.png,generated public mountain overlook,none,NO INSPIRATIONAL QUOTE,READY_FOR_OWNER_REVIEW,"Rendered as zeph-rides-no-inspiration-meme-v1.mp4; original music plus owned Z7 engine audio; no home/garage imagery; distinct Zeph helmet and composition"
"AM-027","P0","Animated Biker Problems","animated-original-v3","He flashed me AGAIN.","oncoming car flashes; deadpan pause; rider toggles actual high beam; stylized comic beam floods frame","FACTORY SETTINGS WERE THE WARNING.","public-road night graphic or owned public-road clip","public road / graphic-only","optional","THOSE WERE STILL THE LOWS","IN_PRODUCTION","Sep 28 shareability sprint SS-001. Sequel structure, not a clone; no retaliation/road-rage framing."
"AM-028","P0","Clutch Tribunal","motion-card-plus-clip","He didn't wave back.","wave freeze-frame becomes evidence; docket opens; judge weighs shifting defense","PROBABLY SHIFTING. STILL SUSPICIOUS.","owned public-road hand-wave clip or original graphic","public road / graphic-only","yes","FAILURE TO WAVE","READY_TO_PRODUCE","Sep 28 shareability sprint SS-002; designed for rider-to-rider sharing."
"AM-029","P0","Seasonal Rider Logic","animated-original","Normal people: 55 degrees is cold.","split-screen forecast; rider logic meter fills; riding-season badge unlocks","RIDING SEASON EXTENDED.","weather graphic + public-road/bike art","graphic-only / public road","yes","55° = SUMMER","READY_TO_PRODUCE","Sep 28 shareability sprint SS-003."
"AM-030","P0","Quick Ride Accounting","map-animation","I said 20 minutes.","timer says 20m; scenic nodes keep spawning; sun icon becomes sunset","QUICK IS A LEGAL FICTION.","original route graphic","graphic-only","optional","20 MINUTES, APPARENTLY","READY_TO_BRIEF","Sep 28 shareability sprint SS-004; spouse/friend share trigger."
"AM-031","P1","Hybrid Life","bike-detail-plus-graphics","EV mode activated.","stealth meter climbs; near-silent bike roll; engine joins chat","STEALTH FAILED SUCCESSFULLY.","owned Z7 detail/public-road footage","public road / legal public location","optional","STEALTH MODE","READY_TO_BRIEF","Sep 28 shareability sprint SS-006; unique Z7 identity."
"AM-032","P1","Comment Court","reply-video","Comment: Is that thing really automatic?","real comment card; concise factual answer; verdict stamp","IT'S COMPLICATED. THAT'S WHY I LIKE IT.","real comment + owned Z7 detail","graphic-only / public road","optional","AUTOMATIC?","WAITING_FOR_COMMENT","Sep 28 SS-009. Must answer accurately and use an actual comment."
"AM-033","P1","WV Road Boss Fight","game-ui-over-pov","WV pavement has phases.","harmless pavement changes receive phase labels; rider continues normally","PHASE THREE HAS ENTERED THE CHAT.","owned safe public-road footage","public road only","no","PAVEMENT: PHASE 3","READY_TO_BRIEF","Sep 28 SS-010. No dangerous maneuvering or speed framing."
"AM-034","P1","Accessory Skill Tree","animated-original","Just one mod.","single upgrade node branches into absurd motorcycle build tree","WALLET DEFEATED.","bike-detail still or original graphic","graphic-only / legal public location","optional","JUST ONE MOD","READY_TO_BRIEF","Sep 28 SS-011; owner-spending share trigger."
"AM-035","P0","Animated Biker Problems","animated-original","Why is the ONE bug always center visor?","single bug icon approaches; impact freezes; giant critical-hit text","CRITICAL HIT: VISIBILITY.","original visor graphic or owned helmet footage","graphic-only / public road","yes","CENTER VISOR. OF COURSE.","READY_TO_PRODUCE","Rapid-growth bank. 6–8s; distinct from boss-health-bar version."
"AM-036","P0","Animated Biker Problems","animated-original","Weather app: 0% rain.","forecast card says 0%; one cartoon cloud locks onto rider; rain meter instantly fills","PERSONAL CLOUD SUBSCRIPTION ACTIVE.","original weather graphic","graphic-only / public road","yes","0% RAIN, APPARENTLY","READY_TO_PRODUCE","Rapid-growth bank; adjacent to proven weather concept with new premise/payoff."
"AM-037","P0","Animated Biker Problems","animated-original","I cleaned the visor yesterday.","sparkling visor; first ride begins; bug splat stamp appears immediately","CLEAN STREAK: 14 SECONDS.","original visor/bike graphic","graphic-only / legal public location","optional","14-SECOND CLEAN STREAK","READY_TO_PRODUCE","Fast 6–7s loop."
"AM-038","P0","Animated Biker Problems","animated-original","Fuel light just came on.","fuel icon flashes; perfect-road icon appears; decision screen loads","MOTORCYCLE MATH HAS ENTERED CHAT.","owned dash detail or original graphic","graphic-only / legal public location","deadpan","MOTORCYCLE MATH","READY_TO_PRODUCE","Do not imply unsafe fuel-range behavior."
"AM-039","P0","Animated Biker Problems","map-animation","GPS: turn around when possible.","rider passes turn; reroute line grows; scenic quest icon appears","COUNTERPOINT: NO.","original map graphic","graphic-only","yes","GPS SAID TURN AROUND","READY_TO_PRODUCE","7–9s. No trespass/illegal route framing."
"AM-040","P0","Clutch Tribunal","court-card","He didn't wave back.","evidence photo; shifting defense filed; gavel drops","NOT GUILTY. STILL JUDGED.","original court graphic","graphic-only","yes","FAILURE TO WAVE","READY_TO_PRODUCE","Case 001. Designed for comments/opinions."
"AM-041","P0","Clutch Tribunal","court-card","Revving at the red light for no reason.","tachometer exhibit; jury meter swings wildly","CHARGED WITH MAIN CHARACTER SYNDROME.","original tach/court graphic","graphic-only","yes","RED-LIGHT REV COURT","READY_TO_PRODUCE","Case 002; playful, not targeted at a real person."
"AM-042","P0","Clutch Tribunal","court-card","Took a whole parking space with one bike.","parking-space diagram; prosecution and defense appear","LEGAL. EMOTIONALLY COMPLICATED.","original parking graphic","graphic-only","yes","PARKING COURT","READY_TO_PRODUCE","Case 003; invites rider/non-rider debate."
"AM-043","P0","Clutch Tribunal","court-card","Said 'just one mod.'","receipt becomes evidence scroll; wallet icon collapses","PERJURY.","original mod-tree/court graphic","graphic-only","yes","JUST ONE MOD","READY_TO_PRODUCE","Case 004; 6–8s."
"AM-044","P0","Clutch Tribunal","court-card","Wore full gear for a five-minute ride.","gear checklist fills screen; clock reads 05:00","ACQUITTED. DRESS FOR THE SLIDE.","original gear/court graphic","graphic-only","yes","FIVE-MINUTE RIDE COURT","READY_TO_PRODUCE","Case 005; safety-positive without lecturing."
"AM-045","P0","Clutch Tribunal","court-card","Forgot to cancel the turn signal.","blinker flashes forever; court clock accelerates","SENTENCE: RELIVE IT ALL DAY.","original cockpit/court graphic","graphic-only","yes","TURN SIGNAL COURT","READY_TO_PRODUCE","Case 006; universal rider relatability."
"AM-046","P0","Hybrid Life","animated-explainer","Is that thing automatic?","question card; mode icons appear; quick myth/answer card","SHORT ANSWER: SORT OF. LONG ANSWER: HYBRID.","owned Z7 detail or original UI graphic","public road / legal public location","yes","IS IT AUTOMATIC?","READY_TO_BRIEF","Z7 differentiator. Verify wording against owner's manual before factual publish."
"AM-047","P0","Hybrid Life","animated-original","EV mode is weird the first time.","silent meter rises; rider icon looks around; engine icon waits offscreen","THE BIKE SPAWNED IN STEALTH MODE.","owned Z7 detail or original graphic","public road / legal public location","optional","STEALTH MODE","READY_TO_PRODUCE","8–10s; uniqueness play."
"AM-048","P0","Hybrid Life","animated-original","Every gas stop starts the same way.","speech bubbles stack: 'What is that?' 'Hybrid?' 'Automatic?'","FREE TECH SUPPORT ACTIVATED.","owned Z7 at public fuel stop or original graphic","legal public location / graphic-only","yes","GAS-STATION FAQ","READY_TO_PRODUCE","No identifiable bystanders without permission."
"AM-049","P1","Hybrid Life","comment-style explainer","No, it is not an electric motorcycle.","battery icon + engine icon combine; myth stamp breaks","BOTH. THAT'S THE WHOLE WEIRD PART.","owned Z7 detail / original graphic","legal public location / graphic-only","yes","NOT FULL ELECTRIC","READY_TO_BRIEF","Technical claim needs verification before final script."
"AM-050","P1","Hybrid Life","animated-original","The quiet launch confuses everybody.","silent start; pedestrian-style question mark icon; bike transitions modes","PLOT TWIST: MOTORCYCLE.","owned Z7 public-road clip or graphic","public road / legal public location","optional","QUIET... FOR NOW","READY_TO_PRODUCE","No claims about pedestrian detection/safety."
"AM-051","P1","WV Road Logic","game-ui-over-pov","WV road: 'one lane-ish.'","road-width meter shrinks; difficulty badge appears","MAP DIFFICULTY: APPALACHIAN.","owned safe public-road footage","public road only","optional","ONE LANE-ISH","READY_TO_BRIEF","Use only safe/legal footage; no centerline-crossing joke."
"AM-052","P1","WV Road Logic","animated-original","Forecast changed between ridges.","sun icon; ridge wipe; rain icon; ridge wipe; fog icon","THREE SEASONS. NINE MINUTES.","owned weather-safe road clips or original graphic","public road / graphic-only","yes","WV WEATHER SPEEDRUN","READY_TO_PRODUCE","Observational only."
"AM-053","P1","WV Road Logic","game-ui-over-pov","Pavement update installed overnight.","smooth-road meter; patch appears; software update dialog pops","PATCH NOTES WERE NOT PROVIDED.","owned safe road footage / original graphic","public road only","optional","ROAD UPDATE 2.0","READY_TO_PRODUCE","7–10s."
"AM-054","P1","WV Road Logic","map-animation","The 'shortest route' saw one mountain.","straight route approaches ridge; map explodes into switchbacks","ETA HAS LEFT THE CHAT.","original map graphic","graphic-only","deadpan","SHORTEST ROUTE","READY_TO_PRODUCE","7–9s; search-friendly WV road identity."
